Key,URL
Page_2_Wine_1,https://www.vinissimus.com/es/vino/ultreia-saint-jacques/
Page_2_Wine_2,https://www.vinissimus.com/es/vino/jose-pariente-verdejo/
Page_2_Wine_3,https://www.vinissimus.com/es/vino/tinto-pesquera-crianza/
Page_2_Wine_4,https://www.vinissimus.com/es/vino/la-montesa/
Page_2_Wine_5,https://www.vinissimus.com/es/vino/terras-gauda/
Page_2_Wine_6,https://www.vinissimus.com/es/vino/ramon-bilbao-crianza/
Page_2_Wine_7,https://www.vinissimus.com/es/vino/vina-tondonia-reserva/
Page_2_Wine_8,https://www.vinissimus.com/es/vino/corimbo/
Page_2_Wine_9,https://www.vinissimus.com/es/vino/aalto/
Page_2_Wine_10,https://www.vinissimus.com/es/vino/malpaso/
Page_2_Wine_11,https://www.vinissimus.com/es/vino/el-castro-de-valtuille-mencia-joven/
Page_2_Wine_12,https://www.vinissimus.com/es/vino/pago-de-valdoneje-mencia/
Page_2_Wine_13,https://www.vinissimus.com/es/vino/psi/
Page_2_Wine_14,https://www.vinissimus.com/es/vino/louro/
Page_2_Wine_15,https://www.vinissimus.com/es/vino/muga-crianza/
Page_2_Wine_16,https://www.vinissimus.com/es/vino/vina-ardanza-reserva/
Page_2_Wine_17,https://www.vinissimus.com/es/vino/les-cousins-l-inconscient/
Page_2_Wine_18,https://www.vinissimus.com/es/vino/paixar/
Page_2_Wine_19,https://www.vinissimus.com/es/vino/petalos-del-bierzo/
Page_2_Wine_20,https://www.vinissimus.com/es/vino/pepe-yllera-roble/
Page_2_Wine_21,https://www.vinissimus.com/es/vino/parada-de-atauta/
Page_2_Wine_22,https://www.vinissimus.com/es/cava/recaredo-gran-reserva-brut-nature/
Page_2_Wine_23,https://www.vinissimus.com/es/vino/les-terrasses-laderas-de-pizarra/
Page_2_Wine_24,https://www.vinissimus.com/es/vino/ultreia-godello/
Page_2_Wine_25,https://www.vinissimus.com/es/vino/victorino/
Page_2_Wine_26,https://www.vinissimus.com/es/vino/almirez/
Page_2_Wine_27,https://www.vinissimus.com/es/cava/gramona-imperial-gran-reserva/
Page_2_Wine_28,https://www.vinissimus.com/es/vino/juan-gil-etiqueta-plata/
Page_2_Wine_29,https://www.vinissimus.com/es/vino/lindes-de-remelluri-vinedos-de-labastida/
Page_2_Wine_30,https://www.vinissimus.com/es/vino/o-luar-do-sil/
Page_2_Wine_31,https://www.vinissimus.com/es/vino/marques-de-murrieta-reserva/
Page_2_Wine_32,https://www.vinissimus.com/es/vino/els-pics/
Page_2_Wine_33,https://www.vinissimus.com/es/vino/cutio-garnacha/
Page_2_Wine_34,https://www.vinissimus.com/es/vino/carmelo-rodero-crianza/
Page_2_Wine_35,https://www.vinissimus.com/es/vino/muga-reserva-seleccion-especial/
Page_2_Wine_36,https://www.vinissimus.com/es/cava/rigol-brut-nature/
Page_3_Wine_1,https://www.vinissimus.com/es/vino/pruno/
Page_3_Wine_2,https://www.vinissimus.com/es/cava/raventos-i-blanc-de-nit/
Page_3_Wine_3,https://www.vinissimus.com/es/cava/vall-dolina-reserva-brut-nature/
Page_3_Wine_4,https://www.vinissimus.com/es/vino/mauro/
Page_3_Wine_5,https://www.vinissimus.com/es/vino/emilio-moro-finca-resalso/
Page_3_Wine_6,https://www.vinissimus.com/es/vino/camins-del-priorat/
Page_3_Wine_7,https://www.vinissimus.com/es/vino/dominio-del-aguila-reserva/
Page_3_Wine_8,https://www.vinissimus.com/es/vino/tomas-postigo-tinto-crianza/
Page_3_Wine_9,https://www.vinissimus.com/es/vino/matarromera-crianza/
Page_3_Wine_10,https://www.vinissimus.com/es/cava/juve-camps-reserva-de-la-familia/
Page_3_Wine_11,https://www.vinissimus.com/es/vino/honoro-vera-garnacha/
Page_3_Wine_12,https://www.vinissimus.com/es/vino/k-naia/
Page_3_Wine_13,https://www.vinissimus.com/es/cava/llopart-reserva-brut-nature/
Page_3_Wine_14,https://www.vinissimus.com/es/vino/la-nieta/
Page_3_Wine_15,https://www.vinissimus.com/es/vino/la-celestina/
Page_3_Wine_16,https://www.vinissimus.com/es/vino/alaya-tierra/
Page_3_Wine_17,https://www.vinissimus.com/es/vino/gessami/
Page_3_Wine_18,https://www.vinissimus.com/es/vino/tragolargo/
Page_3_Wine_19,https://www.vinissimus.com/es/vino/abadia-retuerta-seleccion-especial/
Page_3_Wine_20,https://www.vinissimus.com/es/vino/hacienda-solano-vinas-viejas/
Page_3_Wine_21,https://www.vinissimus.com/es/vino/marques-de-riscal-reserva/
Page_3_Wine_22,https://www.vinissimus.com/es/vino/laya/
Page_3_Wine_23,https://www.vinissimus.com/es/vino/la-celestina-vendimia-seleccionada/
Page_3_Wine_24,https://www.vinissimus.com/es/vino/jose-pariente-sauvignon-blanc/
Page_3_Wine_25,https://www.vinissimus.com/es/cava/recaredo-brut-de-brut-finca-serral-del-vell/
Page_3_Wine_26,https://www.vinissimus.com/es/vino/dominio-de-atauta/
Page_3_Wine_27,https://www.vinissimus.com/es/vino/malleolus/
Page_3_Wine_28,https://www.vinissimus.com/es/vino/remelluri-reserva/
Page_3_Wine_29,https://www.vinissimus.com/es/vino/la-atalaya-del-camino/
Page_3_Wine_30,https://www.vinissimus.com/es/cava/aa-mirgin-laieta-gran-reserva/
Page_3_Wine_31,https://www.vinissimus.com/es/vino/habla-del-silencio/
Page_3_Wine_32,https://www.vinissimus.com/es/vino/borsao-tres-picos/
Page_3_Wine_33,https://www.vinissimus.com/es/vino/martin-codax-albarino/
Page_3_Wine_34,https://www.vinissimus.com/es/vino/vina-cubillo/
Page_3_Wine_35,https://www.vinissimus.com/es/vino/vinas-del-vero-gewurztraminer/
Page_3_Wine_36,https://www.vinissimus.com/es/cava/gramona-iii-lustros-gran-reserva/
Page_4_Wine_1,https://www.vinissimus.com/es/vino/circe-verdejo/
Page_4_Wine_2,https://www.vinissimus.com/es/vino/perelada-5-fincas-reserva/
Page_4_Wine_3,https://www.vinissimus.com/es/cava/juve-camps-brut-rose/
Page_4_Wine_4,https://www.vinissimus.com/es/vino/carmelo-rodero-9-meses/
Page_4_Wine_5,https://www.vinissimus.com/es/vino/aalto-ps/
Page_4_Wine_6,https://www.vinissimus.com/es/vino/condado-de-haza-crianza/
Page_4_Wine_7,https://www.vinissimus.com/es/vino/basa-blanco/
Page_4_Wine_8,https://www.vinissimus.com/es/vino/finca-villacreces/
Page_4_Wine_9,https://www.vinissimus.com/es/vino/casar-godello-blanco/
Page_4_Wine_10,https://www.vinissimus.com/es/vino/cutio-macabeo/
Page_4_Wine_11,https://www.vinissimus.com/es/cava/cava-rimarts-martinez-brut-nature-rose/
Page_4_Wine_12,https://www.vinissimus.com/es/vino/sierra-cantabria-crianza/
Page_4_Wine_13,https://www.vinissimus.com/es/cava/familia-oliveda-brut-jove/
Page_4_Wine_14,https://www.vinissimus.com/es/vino/casal-de-arman-blanco/
Page_4_Wine_15,https://www.vinissimus.com/es/vino/cune-reserva/
Page_4_Wine_16,https://www.vinissimus.com/es/vino/prima/
Page_4_Wine_17,https://www.vinissimus.com/es/vino/el-puntido/
Page_4_Wine_18,https://www.vinissimus.com/es/vino/domaines-lupier-la-dama/
Page_4_Wine_19,https://www.vinissimus.com/es/vino/bardos-vinedos-de-altura/
Page_4_Wine_20,https://www.vinissimus.com/es/vino/vizcarra/
Page_4_Wine_21,https://www.vinissimus.com/es/vino/el-vinculo-crianza/
Page_4_Wine_22,https://www.vinissimus.com/es/vino/la-planta/
Page_4_Wine_23,https://www.vinissimus.com/es/vino/lindes-de-remelluri-vinedos-de-san-vicente/
Page_4_Wine_24,https://www.vinissimus.com/es/vino/bozeto-de-exopto/
Page_4_Wine_25,https://www.vinissimus.com/es/vino/quintaluna/
Page_4_Wine_26,https://www.vinissimus.com/es/vino/dehesa-la-granja/
Page_4_Wine_27,https://www.vinissimus.com/es/vino/luis-canas-reserva/
Page_4_Wine_28,https://www.vinissimus.com/es/vino/el-perro-verde/
Page_4_Wine_29,https://www.vinissimus.com/es/vino/roda-i/
Page_4_Wine_30,https://www.vinissimus.com/es/vino/vina-real-crianza/
Page_4_Wine_31,https://www.vinissimus.com/es/vino/cims-de-porrera-vi-de-vila/
Page_4_Wine_32,https://www.vinissimus.com/es/vino/picaro-del-aguila-tinto/
Page_4_Wine_33,https://www.vinissimus.com/es/vino/hacienda-solano-seleccion/
Page_4_Wine_34,https://www.vinissimus.com/es/cava/adernats-gran-reserva-brut/
Page_4_Wine_35,https://www.vinissimus.com/es/cava/adernats-brut-nature-reserva/
Page_4_Wine_36,https://www.vinissimus.com/es/cava/bocchoris-brut-nature/
Page_5_Wine_1,https://www.vinissimus.com/es/vino/altos-de-torona-albarino/
Page_5_Wine_2,https://www.vinissimus.com/es/vino/chivite-las-fincas-rosado/
Page_5_Wine_3,https://www.vinissimus.com/es/vino/predicador/
Page_5_Wine_4,https://www.vinissimus.com/es/vino/luna-beberide-godello/
Page_5_Wine_5,https://www.vinissimus.com/es/vino/juan-gil-etiqueta-azul/
Page_5_Wine_6,https://www.vinissimus.com/es/vino/ritme/
Page_5_Wine_7,https://www.vinissimus.com/es/cava/carles-andreu-brut-nature/
Page_5_Wine_8,https://www.vinissimus.com/es/vino/otazu-chardonnay/
Page_5_Wine_9,https://www.vinissimus.com/es/vino/marieta/
Page_5_Wine_10,https://www.vinissimus.com/es/vino/ausas-interpretacion/
Page_5_Wine_11,https://www.vinissimus.com/es/vino/la-tarara/
Page_5_Wine_12,https://www.vinissimus.com/es/vino/lalama/
Page_5_Wine_13,https://www.vinissimus.com/es/cava/llopart-rose-brut/
Page_5_Wine_14,https://www.vinissimus.com/es/cava/familia-oliveda-brut-nature-reserva/
Page_5_Wine_15,https://www.vinissimus.com/es/vino/protos-roble/
Page_5_Wine_16,https://www.vinissimus.com/es/vino/boada-crianza/
Page_5_Wine_17,https://www.vinissimus.com/es/vino/baigorri-crianza/
Page_5_Wine_18,https://www.vinissimus.com/es/vino/juan-gil-etiqueta-amarilla/
Page_5_Wine_19,https://www.vinissimus.com/es/vino/brezo-blanco/
Page_5_Wine_20,https://www.vinissimus.com/es/vino/alonso-del-yerro/
Page_5_Wine_21,https://www.vinissimus.com/es/vino/montecastro/
Page_5_Wine_22,https://www.vinissimus.com/es/vino/lz/
Page_5_Wine_23,https://www.vinissimus.com/es/vino/naranjas-axules/
Page_5_Wine_24,https://www.vinissimus.com/es/cava/mont-marcal-reserva-brut-nature/
Page_5_Wine_25,https://www.vinissimus.com/es/vino/enate-chardonnay-234/
Page_5_Wine_26,https://www.vinissimus.com/es/cava/recaredo-intens-rosat-brut-nature/
Page_5_Wine_27,https://www.vinissimus.com/es/vino/zarate-albarino/
Page_5_Wine_28,https://www.vinissimus.com/es/vino/flor-de-vetus/
Page_5_Wine_29,https://www.vinissimus.com/es/vino/guitian-godello/
Page_5_Wine_30,https://www.vinissimus.com/es/vino/vinas-elias-mora/
Page_5_Wine_31,https://www.vinissimus.com/es/vino/rafael-cambra-el-soplo/
Page_5_Wine_32,https://www.vinissimus.com/es/vino/albarino-paco-lola/
Page_5_Wine_33,https://www.vinissimus.com/es/vino/adhuc-tempus-roble/
Page_5_Wine_34,https://www.vinissimus.com/es/vino/artuke-pies-negros/
Page_5_Wine_35,https://www.vinissimus.com/es/vino/pasos-de-san-martin/
Page_5_Wine_36,https://www.vinissimus.com/es/vino/luna-beberide-mencia/
Page_6_Wine_1,https://www.vinissimus.com/es/vino/coto-de-hayas-garnacha-centenaria/
Page_6_Wine_2,https://www.vinissimus.com/es/vino/san-roman/
Page_6_Wine_3,https://www.vinissimus.com/es/cava/llopart-imperial-panoramic-brut-gran-reserva/
Page_6_Wine_4,https://www.vinissimus.com/es/vino/la-nina-de-mis-ojos/
Page_6_Wine_5,https://www.vinissimus.com/es/vino/bruto/
Page_6_Wine_6,https://www.vinissimus.com/es/vino/marques-de-vargas-reserva/
Page_6_Wine_7,https://www.vinissimus.com/es/cava/aa-mirgin-rose-reserva-brut-nature/
Page_6_Wine_8,https://www.vinissimus.com/es/vino/ossian/
Page_6_Wine_9,https://www.vinissimus.com/es/vino/acustic/
Page_6_Wine_10,https://www.vinissimus.com/es/cava/cava-rimarts-gran-reserva-40/
Page_6_Wine_11,https://www.vinissimus.com/es/vino/guimaro-finca-meixeman/
Page_6_Wine_12,https://www.vinissimus.com/es/vino/la-del-vivo/
Page_6_Wine_13,https://www.vinissimus.com/es/cava/aa-mirgin-laieta-rose-gran-reserva/
Page_6_Wine_14,https://www.vinissimus.com/es/vino/sembro/
Page_6_Wine_15,https://www.vinissimus.com/es/vino/arzuaga-crianza/
Page_6_Wine_16,https://www.vinissimus.com/es/vino/godeval-godello/
Page_6_Wine_17,https://www.vinissimus.com/es/cava/can-descregut-brut-nature-reserva/
Page_6_Wine_18,https://www.vinissimus.com/es/vino/martinet-bru/
Page_6_Wine_19,https://www.vinissimus.com/es/vino/semele/
Page_6_Wine_20,https://www.vinissimus.com/es/vino/valduero-una-cepa/
Page_6_Wine_21,https://www.vinissimus.com/es/vino/casar-de-burbia/
Page_6_Wine_22,https://www.vinissimus.com/es/cava/pere-ventura-tresor-brut-rose/
Page_6_Wine_23,https://www.vinissimus.com/es/vino/els-cirerets/
Page_6_Wine_24,https://www.vinissimus.com/es/vino/gago/
Page_6_Wine_25,https://www.vinissimus.com/es/vino/vina-zorzal-malayeto/
Page_6_Wine_26,https://www.vinissimus.com/es/vino/hacienda-monasterio/
Page_6_Wine_27,https://www.vinissimus.com/es/vino/vina-pomal-crianza-centenario/
Page_6_Wine_28,https://www.vinissimus.com/es/vino/borsao-zarihs/
Page_6_Wine_29,https://www.vinissimus.com/es/vino/vina-zorzal-garnacha/
Page_6_Wine_30,https://www.vinissimus.com/es/vino/guimaro/
Page_6_Wine_31,https://www.vinissimus.com/es/cava/familia-oliveda-brut-rosat/
Page_6_Wine_32,https://www.vinissimus.com/es/vino/valtuille-vino-de-villa/
Page_6_Wine_33,https://www.vinissimus.com/es/vino/cunqueiro-iii-milenium/
Page_6_Wine_34,https://www.vinissimus.com/es/cava/pere-ventura-vintage/
Page_6_Wine_35,https://www.vinissimus.com/es/vino/chanselus-castas-brancas/
Page_6_Wine_36,https://www.vinissimus.com/es/vino/tinto-joven/
Page_7_Wine_1,https://www.vinissimus.com/es/vino/vina-real-reserva/
Page_7_Wine_2,https://www.vinissimus.com/es/cava/llopart-integral-brut-nature/
Page_7_Wine_3,https://www.vinissimus.com/es/vino/protos-verdejo/
Page_7_Wine_4,https://www.vinissimus.com/es/vino/flor-de-pingus/
Page_7_Wine_5,https://www.vinissimus.com/es/vino/la-forcalla-de-antonia/
Page_7_Wine_6,https://www.vinissimus.com/es/vino/avan-ok/
Page_7_Wine_7,https://www.vinissimus.com/es/cava/huguet-gran-reserva-brut-nature/
Page_7_Wine_8,https://www.vinissimus.com/es/vino/la-petite-agnes/
Page_7_Wine_9,https://www.vinissimus.com/es/vino/grillo/
Page_7_Wine_10,https://www.vinissimus.com/es/cava/terrer-de-la-creu-brut-nature/
Page_7_Wine_11,https://www.vinissimus.com/es/vino/evodia/
Page_7_Wine_12,https://www.vinissimus.com/es/vino/romanico/
Page_7_Wine_13,https://www.vinissimus.com/es/vino/marques-de-caceres-gaudium/
Page_7_Wine_14,https://www.vinissimus.com/es/vino/ramon-bilbao-reserva/
Page_7_Wine_15,https://www.vinissimus.com/es/vino/sela/
Page_7_Wine_16,https://www.vinissimus.com/es/vino/larchago-reserva/
Page_7_Wine_17,https://www.vinissimus.com/es/cava/segura-viudas-aria/
Page_7_Wine_18,https://www.vinissimus.com/es/vino/melior-de-matarromera-roble/
Page_7_Wine_19,https://www.vinissimus.com/es/vino/avanthia-godello/
Page_7_Wine_20,https://www.vinissimus.com/es/vino/trus-roble/
Page_7_Wine_21,https://www.vinissimus.com/es/vino/casa-castillo/
Page_7_Wine_22,https://www.vinissimus.com/es/vino/garum/
Page_7_Wine_23,https://www.vinissimus.com/es/vino/jesus-yllera/
Page_7_Wine_24,https://www.vinissimus.com/es/vino/valdelana-reserva/
Page_7_Wine_25,https://www.vinissimus.com/es/vino/valparaiso-roble/
Page_7_Wine_26,https://www.vinissimus.com/es/vino/gran-colegiata-lagrima/
Page_7_Wine_27,https://www.vinissimus.com/es/vino/embruix/
Page_7_Wine_28,https://www.vinissimus.com/es/vino/izadi-crianza/
Page_7_Wine_29,https://www.vinissimus.com/es/vino/vina-pedrosa-crianza/
Page_7_Wine_30,https://www.vinissimus.com/es/cava/leopardi-gran-reserva-vintage/
Page_7_Wine_31,https://www.vinissimus.com/es/vino/vina-costeira-coleccion-68/
Page_7_Wine_32,https://www.vinissimus.com/es/vino/godelia-godello/
Page_7_Wine_33,https://www.vinissimus.com/es/vino/luberri-maceracion-carbonica/
Page_7_Wine_34,https://www.vinissimus.com/es/vino/vizcarra-senda-del-oro-roble/
Page_7_Wine_35,https://www.vinissimus.com/es/vino/pradorey-origen/
Page_7_Wine_36,https://www.vinissimus.com/es/vino/blanc-pescador/
Page_8_Wine_1,https://www.vinissimus.com/es/vino/protos-27/
Page_8_Wine_2,https://www.vinissimus.com/es/vino/carmelo-rodero-reserva/
Page_8_Wine_3,https://www.vinissimus.com/es/cava/raventos-i-blanc-blanc-de-blancs/
Page_8_Wine_4,https://www.vinissimus.com/es/vino/naia/
Page_8_Wine_5,https://www.vinissimus.com/es/vino/sking-or-queen/
Page_8_Wine_6,https://www.vinissimus.com/es/vino/muga-rosado/
Page_8_Wine_7,https://www.vinissimus.com/es/vino/lasurreal/
Page_8_Wine_8,https://www.vinissimus.com/es/vino/tinto-figuero-4-meses/
Page_8_Wine_9,https://www.vinissimus.com/es/vino/mauro-vs/
Page_8_Wine_10,https://www.vinissimus.com/es/vino/coma-vella/
Page_8_Wine_11,https://www.vinissimus.com/es/vino/valtravieso-crianza/
Page_8_Wine_12,https://www.vinissimus.com/es/vino/dominio-de-tares-cepas-viejas/
Page_8_Wine_13,https://www.vinissimus.com/es/vino/beronia-reserva/
Page_8_Wine_14,https://www.vinissimus.com/es/vino/torre-la-moreira/
Page_8_Wine_15,https://www.vinissimus.com/es/vino/albarino-de-fefinanes/
Page_8_Wine_16,https://www.vinissimus.com/es/vino/vega-sicilia-unico/
Page_8_Wine_17,https://www.vinissimus.com/es/vino/lanzaga/
Page_8_Wine_18,https://www.vinissimus.com/es/vino/numanthia/
Page_8_Wine_19,https://www.vinissimus.com/es/vino/vina-bosconia-reserva/
Page_8_Wine_20,https://www.vinissimus.com/es/vino/do-ferreiro/
Page_8_Wine_21,https://www.vinissimus.com/es/vino/sericis-bobal/
Page_8_Wine_22,https://www.vinissimus.com/es/vino/casa-castillo-la-tendida/
Page_8_Wine_23,https://www.vinissimus.com/es/vino/perelada-finca-malaveina/
Page_8_Wine_24,https://www.vinissimus.com/es/vino/muriel-fincas-de-la-villa-crianza/
Page_8_Wine_25,https://www.vinissimus.com/es/vino/lustau-palo-cortado-peninsula/
Page_8_Wine_26,https://www.vinissimus.com/es/vino/bermejo-malvasia-seca/
Page_8_Wine_27,https://www.vinissimus.com/es/vino/protocolo-tinto/
Page_8_Wine_28,https://www.vinissimus.com/es/vino/sexto-elemento/
Page_8_Wine_29,https://www.vinissimus.com/es/vino/ilercavonia/
Page_8_Wine_30,https://www.vinissimus.com/es/vino/clos-lojen/
Page_8_Wine_31,https://www.vinissimus.com/es/vino/ramon-bilbao-verdejo/
Page_8_Wine_32,https://www.vinissimus.com/es/cava/cygnus-brut-nature-reserva/
Page_8_Wine_33,https://www.vinissimus.com/es/vino/vina-sastre-crianza/
Page_8_Wine_34,https://www.vinissimus.com/es/vino/dominio-del-bendito-el-primer-paso/
Page_8_Wine_35,https://www.vinissimus.com/es/vino/monopole/
Page_8_Wine_36,https://www.vinissimus.com/es/vino/marmellans-negre/
Page_9_Wine_1,https://www.vinissimus.com/es/vino/les-brugueres-blanc/
Page_9_Wine_2,https://www.vinissimus.com/es/vino/suertes-del-marques-medianias/
Page_9_Wine_3,https://www.vinissimus.com/es/vino/arzuaga-reserva/
Page_9_Wine_4,https://www.vinissimus.com/es/cava/jane-ventura-reserva-de-la-musica/
Page_9_Wine_5,https://www.vinissimus.com/es/vino/gorka-izagirre-txacoli-blanco/
Page_9_Wine_6,https://www.vinissimus.com/es/vino/vina-zorzal-chardonnay/
Page_9_Wine_7,https://www.vinissimus.com/es/vino/contino-reserva/
Page_9_Wine_8,https://www.vinissimus.com/es/vino/sierra-cantabria-coleccion-privada/
Page_9_Wine_9,https://www.vinissimus.com/es/vino/la-vina-de-ayer-garnacha/
Page_9_Wine_10,https://www.vinissimus.com/es/vino/terroir-historic-negre/
Page_9_Wine_11,https://www.vinissimus.com/es/vino/cesar-marquez-valtuille/
Page_9_Wine_12,https://www.vinissimus.com/es/vino/el-seque/
Page_9_Wine_13,https://www.vinissimus.com/es/vino/madremia/
Page_9_Wine_14,https://www.vinissimus.com/es/cava/bertha-lounge-rose/
Page_9_Wine_15,https://www.vinissimus.com/es/vino/contino-vina-del-olivo/
Page_9_Wine_16,https://www.vinissimus.com/es/vino/com-tu/
Page_9_Wine_17,https://www.vinissimus.com/es/vino/palacio-de-bornos-verdejo/
Page_9_Wine_18,https://www.vinissimus.com/es/vino/merum-priorati-inici/
Page_9_Wine_19,https://www.vinissimus.com/es/vino/ferrer-bobet-vinyes-velles/
Page_9_Wine_20,https://www.vinissimus.com/es/cava/aa-mirgin-reserva-brut-nature/
Page_9_Wine_21,https://www.vinissimus.com/es/vino/pradorey-adaro/
Page_9_Wine_22,https://www.vinissimus.com/es/cava/parxet-brut/
Page_9_Wine_23,https://www.vinissimus.com/es/cava/canals-munne-insuperable-brut-reserva/
Page_9_Wine_24,https://www.vinissimus.com/es/vino/predicat/
Page_9_Wine_25,https://www.vinissimus.com/es/vino/hacienda-lopez-de-haro-crianza/
Page_9_Wine_26,https://www.vinissimus.com/es/vino/cal-pla-negre/
Page_9_Wine_27,https://www.vinissimus.com/es/vino/el-bosque/
Page_9_Wine_28,https://www.vinissimus.com/es/vino/davide-albarino/
Page_9_Wine_29,https://www.vinissimus.com/es/vino/peique-godello-sobre-lias/
Page_9_Wine_30,https://www.vinissimus.com/es/vino/hacienda-lopez-de-haro-reserva/
Page_9_Wine_31,https://www.vinissimus.com/es/cava/perelada-brut-nature-cuvee-especial/
Page_9_Wine_32,https://www.vinissimus.com/es/vino/can-sumoi-xarel-lo/
Page_9_Wine_33,https://www.vinissimus.com/es/vino/enate-crianza/
Page_9_Wine_34,https://www.vinissimus.com/es/vino/matsu-el-recio/
Page_9_Wine_35,https://www.vinissimus.com/es/vino/martelo-reserva/
Page_9_Wine_36,https://www.vinissimus.com/es/vino/leirana-albarino/
Page_10_Wine_1,https://www.vinissimus.com/es/vino/habla-la-tierra/
Page_10_Wine_2,https://www.vinissimus.com/es/vino/samsara-priorat/
Page_10_Wine_3,https://www.vinissimus.com/es/vino/granbazan-etiqueta-verde/
Page_10_Wine_4,https://www.vinissimus.com/es/vino/las-moradas-de-san-martin-senda/
Page_10_Wine_5,https://www.vinissimus.com/es/vino/pazo-senorans/
Page_10_Wine_6,https://www.vinissimus.com/es/vino/marques-de-riscal-sauvignon/
Page_10_Wine_7,https://www.vinissimus.com/es/vino/veronica-ortega-roc/
Page_10_Wine_8,https://www.vinissimus.com/es/vino/txomin-etxaniz/
Page_10_Wine_9,https://www.vinissimus.com/es/vino/nita/
Page_10_Wine_10,https://www.vinissimus.com/es/vino/rafael-cambra-uno/
Page_10_Wine_11,https://www.vinissimus.com/es/cava/bertha-lounge/
Page_10_Wine_12,https://www.vinissimus.com/es/vino/coto-de-imaz-reserva/
Page_10_Wine_13,https://www.vinissimus.com/es/vino/finca-valpiedra-reserva/
Page_10_Wine_14,https://www.vinissimus.com/es/vino/rafael-cambra-dos/
Page_10_Wine_15,https://www.vinissimus.com/es/vino/brao/
Page_10_Wine_16,https://www.vinissimus.com/es/vino/vallegarcia-viognier/
Page_10_Wine_17,https://www.vinissimus.com/es/cava/villa-conchi-brut-rose/
Page_10_Wine_18,https://www.vinissimus.com/es/vino/eduardo-pena/
Page_10_Wine_19,https://www.vinissimus.com/es/vino/12-lunas/
Page_10_Wine_20,https://www.vinissimus.com/es/vino/vina-pomal-gran-reserva/
Page_10_Wine_21,https://www.vinissimus.com/es/vino/el-coto-crianza/
Page_10_Wine_22,https://www.vinissimus.com/es/vino/mas-collet/
Page_10_Wine_23,https://www.vinissimus.com/es/vino/pradorey-reserva/
Page_10_Wine_24,https://www.vinissimus.com/es/vino/loess-inspiration/
Page_10_Wine_25,https://www.vinissimus.com/es/vino/lafou-el-sender/
Page_10_Wine_26,https://www.vinissimus.com/es/vino/gramona-vi-de-glass-gewurztraminer-37-5cl/
Page_10_Wine_27,https://www.vinissimus.com/es/vino/blau/
Page_10_Wine_28,https://www.vinissimus.com/es/cava/mas-fontallada-brut-nature/
Page_10_Wine_29,https://www.vinissimus.com/es/vino/finca-cuco-negre/
Page_10_Wine_30,https://www.vinissimus.com/es/vino/finca-san-martin/
Page_10_Wine_31,https://www.vinissimus.com/es/vino/santa-rosa/
Page_10_Wine_32,https://www.vinissimus.com/es/vino/enrique-mendoza-finca-xaconero/
Page_10_Wine_33,https://www.vinissimus.com/es/vino/naiades/
Page_10_Wine_34,https://www.vinissimus.com/es/vino/pazo-cilleiro/
Page_10_Wine_35,https://www.vinissimus.com/es/vino/luzon-sin-sulfitos/
Page_10_Wine_36,https://www.vinissimus.com/es/vino/petit-almodi-negre/
Page_11_Wine_1,https://www.vinissimus.com/es/vino/tajinaste-blanco-afrutado/
Page_11_Wine_2,https://www.vinissimus.com/es/vino/ferrer-bobet/
Page_11_Wine_3,https://www.vinissimus.com/es/vino/marques-de-burgos-crianza/
Page_11_Wine_4,https://www.vinissimus.com/es/vino/abracadabra-toro/
Page_11_Wine_5,https://www.vinissimus.com/es/cava/cava-rimarts-brut-reserva-18/
Page_11_Wine_6,https://www.vinissimus.com/es/vino/furvus/
Page_11_Wine_7,https://www.vinissimus.com/es/vino/cerro-anon-reserva/
Page_11_Wine_8,https://www.vinissimus.com/es/vino/el-paraguas-atlantico/
Page_11_Wine_9,https://www.vinissimus.com/es/vino/losada/
Page_11_Wine_10,https://www.vinissimus.com/es/vino/le-naturel/
Page_11_Wine_11,https://www.vinissimus.com/es/vino/pago-de-carraovejas-cuesta-de-las-liebres/
Page_11_Wine_12,https://www.vinissimus.com/es/vino/matarromera-reserva/
Page_11_Wine_13,https://www.vinissimus.com/es/vino/unculin/
Page_11_Wine_14,https://www.vinissimus.com/es/vino/alvear-pedro-ximenez/
Page_11_Wine_15,https://www.vinissimus.com/es/vino/celeste-roble/
Page_11_Wine_16,https://www.vinissimus.com/es/vino/peique-ramon-valle/
Page_11_Wine_17,https://www.vinissimus.com/es/vino/dehesa-del-carrizal-syah/
Page_11_Wine_18,https://www.vinissimus.com/es/vino/el-pedal/
Page_11_Wine_19,https://www.vinissimus.com/es/vino/luis-canas-tinto-joven/
Page_11_Wine_20,https://www.vinissimus.com/es/vino/corimbo-i/
Page_11_Wine_21,https://www.vinissimus.com/es/vino/pago-de-los-capellanes-el-nogal/
Page_11_Wine_22,https://www.vinissimus.com/es/vino/rebeldes/
Page_11_Wine_23,https://www.vinissimus.com/es/vino/baltasar-gracian-vinas-viejas-el-heroe/
Page_11_Wine_24,https://www.vinissimus.com/es/vino/marques-de-caceres-verdejo/
Page_11_Wine_25,https://www.vinissimus.com/es/cava/nadal-brut-nature-reserva/
Page_11_Wine_26,https://www.vinissimus.com/es/vino/ultreia-la-claudina/
Page_11_Wine_27,https://www.vinissimus.com/es/vino/tesalia-arx/
Page_11_Wine_28,https://www.vinissimus.com/es/vino/allende/
Page_11_Wine_29,https://www.vinissimus.com/es/vino/enate-gewurztraminer/
Page_11_Wine_30,https://www.vinissimus.com/es/vino/algueira-mencia/
Page_11_Wine_31,https://www.vinissimus.com/es/cava/canals-munne-lola-rose-brut/
Page_11_Wine_32,https://www.vinissimus.com/es/vino/ars-romantica-verdejo/
Page_11_Wine_33,https://www.vinissimus.com/es/vino/altos-de-luzon/
Page_11_Wine_34,https://www.vinissimus.com/es/cava/canals-munne-dionysus-brut-nature-eco/
Page_11_Wine_35,https://www.vinissimus.com/es/vino/pago-florentino/
Page_11_Wine_36,https://www.vinissimus.com/es/vino/descomunal-verdejo/
Page_12_Wine_1,https://www.vinissimus.com/es/vino/enate-chardonnay-fermentado-en-barrica/
Page_12_Wine_2,https://www.vinissimus.com/es/vino/ultreia-mencia/
Page_12_Wine_3,https://www.vinissimus.com/es/vino/finca-la-colina-sauvignon-blanc/
Page_12_Wine_4,https://www.vinissimus.com/es/vino/acustic-blanc/
Page_12_Wine_5,https://www.vinissimus.com/es/vino/artigas/
Page_12_Wine_6,https://www.vinissimus.com/es/vino/enate-rosado/
Page_12_Wine_7,https://www.vinissimus.com/es/vino/vina-alberdi/
Page_12_Wine_8,https://www.vinissimus.com/es/vino/alma-de-luzon/
Page_12_Wine_9,https://www.vinissimus.com/es/cava/mas-candi-cava-brut-nature/
Page_12_Wine_10,https://www.vinissimus.com/es/cava/agusti-torello-mata-rosat-trepat/
Page_12_Wine_11,https://www.vinissimus.com/es/vino/tarima-hill/
Page_12_Wine_12,https://www.vinissimus.com/es/vino/la-vina-de-ayer-blanco/
Page_12_Wine_13,https://www.vinissimus.com/es/vino/borsao-cabriola/
Page_12_Wine_14,https://www.vinissimus.com/es/vino/bohorquez/
Page_12_Wine_15,https://www.vinissimus.com/es/vino/vina-salceda-crianza/
Page_12_Wine_16,https://www.vinissimus.com/es/cava/maria-casanovas-glac-brut-nature/
Page_12_Wine_17,https://www.vinissimus.com/es/vino/las-moradas-de-san-martin-albillo-real/
Page_12_Wine_18,https://www.vinissimus.com/es/vino/abadia-retuerta-le-domaine/
Page_12_Wine_19,https://www.vinissimus.com/es/vino/cair-seleccion-la-aguilera/
Page_12_Wine_20,https://www.vinissimus.com/es/vino/san-vicente/
Page_12_Wine_21,https://www.vinissimus.com/es/vino/pazo-barrantes/
Page_12_Wine_22,https://www.vinissimus.com/es/vino/santiago-ruiz/
Page_12_Wine_23,https://www.vinissimus.com/es/vino/vallegarcia-syrah/
Page_12_Wine_24,https://www.vinissimus.com/es/vino/osborne-pedro-ximenez/
Page_12_Wine_25,https://www.vinissimus.com/es/vino/serras-del-priorat/
Page_12_Wine_26,https://www.vinissimus.com/es/vino/protos-reserva/
Page_12_Wine_27,https://www.vinissimus.com/es/vino/lopez-cristobal-crianza/
Page_12_Wine_28,https://www.vinissimus.com/es/vino/portu/
Page_12_Wine_29,https://www.vinissimus.com/es/vino/glarima-gewurztraminer-chardonnay/
Page_12_Wine_30,https://www.vinissimus.com/es/vino/jaros-tinto/
Page_12_Wine_31,https://www.vinissimus.com/es/vino/lustau-moscatel-emilin/
Page_12_Wine_32,https://www.vinissimus.com/es/vino/matsu-el-picaro/
Page_12_Wine_33,https://www.vinissimus.com/es/cava/mont-marcal-rosado-brut/
Page_12_Wine_34,https://www.vinissimus.com/es/vino/finca-l-argata/
Page_12_Wine_35,https://www.vinissimus.com/es/vino/campillo-crianza/
Page_12_Wine_36,https://www.vinissimus.com/es/vino/borsao-seleccion/
Page_13_Wine_1,https://www.vinissimus.com/es/cava/mas-tinell-brut-real/
Page_13_Wine_2,https://www.vinissimus.com/es/vino/michelini-i-mufatto-en-el-camino/
Page_13_Wine_3,https://www.vinissimus.com/es/vino/vernatxa-blanc/
Page_13_Wine_4,https://www.vinissimus.com/es/vino/200-monges-reserva/
Page_13_Wine_5,https://www.vinissimus.com/es/vino/erial/
Page_13_Wine_6,https://www.vinissimus.com/es/vino/botani-sparkling-muscat/
Page_13_Wine_7,https://www.vinissimus.com/es/vino/cora-de-loxarel/
Page_13_Wine_8,https://www.vinissimus.com/es/vino/albarino-mar-de-frades/
Page_13_Wine_9,https://www.vinissimus.com/es/vino/el-jardin-de-la-emperatriz-tinto/
Page_13_Wine_10,https://www.vinissimus.com/es/vino/garmon/
Page_13_Wine_11,https://www.vinissimus.com/es/vino/menade-verdejo/
Page_13_Wine_12,https://www.vinissimus.com/es/vino/azpilicueta-crianza/
Page_13_Wine_13,https://www.vinissimus.com/es/cava/anna-de-codorniu-brut-nature/
Page_13_Wine_14,https://www.vinissimus.com/es/vino/laus-reserva/
Page_13_Wine_15,https://www.vinissimus.com/es/vino/parotet-vermell/
Page_13_Wine_16,https://www.vinissimus.com/es/vino/agnvs-crianza/
Page_13_Wine_17,https://www.vinissimus.com/es/vino/catar/
Page_13_Wine_18,https://www.vinissimus.com/es/vino/godeval-cepas-vellas/
Page_13_Wine_19,https://www.vinissimus.com/es/vino/tolo-do-xisto/
Page_13_Wine_20,https://www.vinissimus.com/es/vino/termes/
Page_13_Wine_21,https://www.vinissimus.com/es/vino/san-cobate/
Page_13_Wine_22,https://www.vinissimus.com/es/vino/pinord-mireia/
Page_13_Wine_23,https://www.vinissimus.com/es/vino/emilio-moro-la-revelia/
Page_13_Wine_24,https://www.vinissimus.com/es/vino/arrayan-syrah/
Page_13_Wine_25,https://www.vinissimus.com/es/vino/envidia-cochina/
Page_13_Wine_26,https://www.vinissimus.com/es/vino/can-sumoi-ancestral-montonega/
Page_13_Wine_27,https://www.vinissimus.com/es/cava/1-1-3-ardea-rose-brut-reserva/
Page_13_Wine_28,https://www.vinissimus.com/es/vino/palomo-cojo/
Page_13_Wine_29,https://www.vinissimus.com/es/vino/cims-de-porrera-classic/
Page_13_Wine_30,https://www.vinissimus.com/es/cava/privat-rose-brut-nature-reserva/
Page_13_Wine_31,https://www.vinissimus.com/es/vino/monte-toro-3-anada-seleccion/
Page_13_Wine_32,https://www.vinissimus.com/es/vino/dido-blanc/
Page_13_Wine_33,https://www.vinissimus.com/es/vino/troupe/
Page_13_Wine_34,https://www.vinissimus.com/es/vino/cune-imperial-reserva/
Page_13_Wine_35,https://www.vinissimus.com/es/cava/gramona-argent-gran-reserva/
Page_13_Wine_36,https://www.vinissimus.com/es/vino/losada-godello/
Page_14_Wine_1,https://www.vinissimus.com/es/vino/la-orquesta/
Page_14_Wine_2,https://www.vinissimus.com/es/vino/quinta-quietud/
Page_14_Wine_3,https://www.vinissimus.com/es/vino/par-vino-naranja/
Page_14_Wine_4,https://www.vinissimus.com/es/vino/meraldis-verdejo/
Page_14_Wine_5,https://www.vinissimus.com/es/vino/vina-salceda-reserva/
Page_14_Wine_6,https://www.vinissimus.com/es/cava/llopart-microcosmos-rose-brut-nature/
Page_14_Wine_7,https://www.vinissimus.com/es/cava/reyes-de-aragon-reserva-brut-nature/
Page_14_Wine_8,https://www.vinissimus.com/es/vino/barco-del-corneta-cucu/
Page_14_Wine_9,https://www.vinissimus.com/es/vino/vina-tondonia-gran-reserva-historico/
Page_14_Wine_10,https://www.vinissimus.com/es/vino/tocat-de-l-ala/
Page_14_Wine_11,https://www.vinissimus.com/es/vino/agnvs-tempranillo/
Page_14_Wine_12,https://www.vinissimus.com/es/vino/gomez-cruzado-crianza/
Page_14_Wine_13,https://www.vinissimus.com/es/vino/izadi-larrosa-negra/
Page_14_Wine_14,https://www.vinissimus.com/es/vino/belondrade-y-lurton/
Page_14_Wine_15,https://www.vinissimus.com/es/vino/la-fuente-de-nekeas-crianza/
Page_14_Wine_16,https://www.vinissimus.com/es/vino/nekeas-chardonnay-cuvee-allier/
Page_14_Wine_17,https://www.vinissimus.com/es/vino/ses-nines-negre/
Page_14_Wine_18,https://www.vinissimus.com/es/vino/roda/
Page_14_Wine_19,https://www.vinissimus.com/es/vino/guimaro-blanco/
Page_14_Wine_20,https://www.vinissimus.com/es/cava/bertha-cardus-brut-nature-gran-reserva/
Page_14_Wine_21,https://www.vinissimus.com/es/vino/coca-i-fito-negre/
Page_14_Wine_22,https://www.vinissimus.com/es/vino/pagos-de-anguix-costalara/
Page_14_Wine_23,https://www.vinissimus.com/es/vino/txakoli-aialle/
Page_14_Wine_24,https://www.vinissimus.com/es/vino/felix-azpilicueta-coleccion-privada-blanco/
Page_14_Wine_25,https://www.vinissimus.com/es/vino/diaz-bayo-8-meses-roble/
Page_14_Wine_26,https://www.vinissimus.com/es/vino/fuentespina-3-meses-roble/
Page_14_Wine_27,https://www.vinissimus.com/es/vino/marques-de-caceres-crianza/
Page_14_Wine_28,https://www.vinissimus.com/es/vino/luzon-coleccion-roble/
Page_14_Wine_29,https://www.vinissimus.com/es/vino/vivanco-reserva/
Page_14_Wine_30,https://www.vinissimus.com/es/cava/sabate-i-coca-mosset-brut-nature/
Page_14_Wine_31,https://www.vinissimus.com/es/vino/baluarte-roble-ribera/
Page_14_Wine_32,https://www.vinissimus.com/es/vino/gramona-mart/
Page_14_Wine_33,https://www.vinissimus.com/es/vino/costers-del-gravet/
Page_14_Wine_34,https://www.vinissimus.com/es/vino/barahonda-organic-barrica/
Page_14_Wine_35,https://www.vinissimus.com/es/vino/familia-pacheco-organic/
Page_14_Wine_36,https://www.vinissimus.com/es/vino/pata-negra-roble/
Page_15_Wine_1,https://www.vinissimus.com/es/vino/coca-i-fito-maragda/
Page_15_Wine_2,https://www.vinissimus.com/es/cava/agusti-torello-mata-gran-reserva-barrica/
Page_15_Wine_3,https://www.vinissimus.com/es/vino/carmelo-rodero-tsm/
Page_15_Wine_4,https://www.vinissimus.com/es/vino/afortunado/
Page_15_Wine_5,https://www.vinissimus.com/es/vino/pulpo-albarino/
Page_15_Wine_6,https://www.vinissimus.com/es/vino/la-maldita-revolution/
Page_15_Wine_7,https://www.vinissimus.com/es/vino/gran-feudo-casilla-del-guapo/
Page_15_Wine_8,https://www.vinissimus.com/es/vino/palacio-de-bornos-frizzante-rosado/
Page_15_Wine_9,https://www.vinissimus.com/es/vino/altos-de-losada/
Page_15_Wine_10,https://www.vinissimus.com/es/vino/a-coroa/
Page_15_Wine_11,https://www.vinissimus.com/es/cava/agusti-torello-mata-gran-reserva-bn/
Page_15_Wine_12,https://www.vinissimus.com/es/vino/ekam/
Page_15_Wine_13,https://www.vinissimus.com/es/vino/el-reventon-la-reina/
Page_15_Wine_14,https://www.vinissimus.com/es/vino/corambres/
Page_15_Wine_15,https://www.vinissimus.com/es/vino/a-de-dios-camino-de-los-arrieros/
Page_15_Wine_16,https://www.vinissimus.com/es/vino/gran-colegiata-original/
Page_15_Wine_17,https://www.vinissimus.com/es/cava/can-descregut-memoria-brut-nature-g-reserva/
Page_15_Wine_18,https://www.vinissimus.com/es/vino/obalo-crianza/
Page_15_Wine_19,https://www.vinissimus.com/es/vino/fagus-de-coto-de-hayas-seleccion-especial/
Page_15_Wine_20,https://www.vinissimus.com/es/cava/raventos-i-blanc-de-la-finca/
Page_15_Wine_21,https://www.vinissimus.com/es/cava/nadal-brut-reserva-original/
Page_15_Wine_22,https://www.vinissimus.com/es/vino/alquez/
Page_15_Wine_23,https://www.vinissimus.com/es/vino/atance-cuvee-no-1/
Page_15_Wine_24,https://www.vinissimus.com/es/vino/perlat-syrah/
Page_15_Wine_25,https://www.vinissimus.com/es/vino/viore-5-meses-barrica/
Page_15_Wine_26,https://www.vinissimus.com/es/vino/paco-lola-no-12/
Page_15_Wine_27,https://www.vinissimus.com/es/vino/formiga-de-vellut/
Page_15_Wine_28,https://www.vinissimus.com/es/vino/aldea-de-adaras/
Page_15_Wine_29,https://www.vinissimus.com/es/vino/artigas-blanc/
Page_15_Wine_30,https://www.vinissimus.com/es/vino/adhuc-tempus-albarino/
Page_15_Wine_31,https://www.vinissimus.com/es/vino/herencia-altes-l-estel/
Page_15_Wine_32,https://www.vinissimus.com/es/vino/pradorey-finca-valdelayegua/
Page_15_Wine_33,https://www.vinissimus.com/es/vino/can-sumoi-la-rosa/
Page_15_Wine_34,https://www.vinissimus.com/es/vino/terroir-al-limit-pedra-de-guix/
Page_15_Wine_35,https://www.vinissimus.com/es/vino/can-sumoi-perfum/
Page_15_Wine_36,https://www.vinissimus.com/es/vino/gran-cerdo/
Page_16_Wine_1,https://www.vinissimus.com/es/vino/david-goliath/
Page_16_Wine_2,https://www.vinissimus.com/es/vino/anares-terranova-rueda-verdejo/
Page_16_Wine_3,https://www.vinissimus.com/es/vino/bassus-pinot-noir/
Page_16_Wine_4,https://www.vinissimus.com/es/vino/baron-de-ley-reserva/
Page_16_Wine_5,https://www.vinissimus.com/es/vino/cuatro-rayas-cuarenta-vendimias-ribera-duero/
Page_16_Wine_6,https://www.vinissimus.com/es/vino/suertes-del-marques-el-trenzado/
Page_16_Wine_7,https://www.vinissimus.com/es/vino/mas-d-en-gil-vi-de-vila-bellmunt-del-priorat/
Page_16_Wine_8,https://www.vinissimus.com/es/vino/aa-parvus-chardonnay/
Page_16_Wine_9,https://www.vinissimus.com/es/vino/missenyora/
Page_16_Wine_10,https://www.vinissimus.com/es/vino/puro-syrah/
Page_16_Wine_11,https://www.vinissimus.com/es/vino/lolo/
Page_16_Wine_12,https://www.vinissimus.com/es/cava/perelada-blue-festival-brut-reserva/
Page_16_Wine_13,https://www.vinissimus.com/es/vino/enate-syrah-shiraz/
Page_16_Wine_14,https://www.vinissimus.com/es/vino/vina-pomal-reserva/
Page_16_Wine_15,https://www.vinissimus.com/es/cava/montsant-artesa-brut-nature/
Page_16_Wine_16,https://www.vinissimus.com/es/vino/s-naranja/
Page_16_Wine_17,https://www.vinissimus.com/es/vino/d-iatra-gratallops-vi-de-vila/
Page_16_Wine_18,https://www.vinissimus.com/es/vino/finca-antigua-moscatel/
Page_16_Wine_19,https://www.vinissimus.com/es/vino/akutain-crianza/
Page_16_Wine_20,https://www.vinissimus.com/es/vino/manzanilla-pasada-pastrana/
Page_16_Wine_21,https://www.vinissimus.com/es/vino/la-pantera-rosa/
Page_16_Wine_22,https://www.vinissimus.com/es/vino/l-antana/
Page_16_Wine_23,https://www.vinissimus.com/es/vino/marques-de-caceres-gran-reserva/
Page_16_Wine_24,https://www.vinissimus.com/es/vino/torremilanos-montecastrillo/
Page_16_Wine_25,https://www.vinissimus.com/es/vino/martin-codax-lias/
Page_16_Wine_26,https://www.vinissimus.com/es/vino/altos-de-torona-godello/
Page_16_Wine_27,https://www.vinissimus.com/es/vino/mauro-estevez/
Page_16_Wine_28,https://www.vinissimus.com/es/vino/lan-gran-reserva/
Page_16_Wine_29,https://www.vinissimus.com/es/vino/la-huella-de-aitana/
Page_16_Wine_30,https://www.vinissimus.com/es/cava/roger-goulart-brut-nature-reserva/
Page_16_Wine_31,https://www.vinissimus.com/es/cava/oriol-rossell-brut-rosat/
Page_16_Wine_32,https://www.vinissimus.com/es/vino/raimat-abadia/
Page_16_Wine_33,https://www.vinissimus.com/es/cava/pedregosa-reserva-millesime/
Page_16_Wine_34,https://www.vinissimus.com/es/vino/el-castro-de-valtuille-godello/
Page_16_Wine_35,https://www.vinissimus.com/es/vino/orben/
Page_16_Wine_36,https://www.vinissimus.com/es/vino/resalte-vendimia-seleccionada/
Page_17_Wine_1,https://www.vinissimus.com/es/vino/perplejo/
Page_17_Wine_2,https://www.vinissimus.com/es/cava/anna-de-codorniu-ice-edition/
Page_17_Wine_3,https://www.vinissimus.com/es/cava/huguet-gran-reserva-brut-classic/
Page_17_Wine_4,https://www.vinissimus.com/es/vino/lustau-manzanilla-papirusa/
Page_17_Wine_5,https://www.vinissimus.com/es/vino/anais-xarel-lo/
Page_17_Wine_6,https://www.vinissimus.com/es/vino/club-lealtanza-reserva/
Page_17_Wine_7,https://www.vinissimus.com/es/vino/artadi-el-carretil/
Page_17_Wine_8,https://www.vinissimus.com/es/vino/clarete-de-luna-rosado/
Page_17_Wine_9,https://www.vinissimus.com/es/vino/maruxa-godello/
Page_17_Wine_10,https://www.vinissimus.com/es/vino/herencia-altes-garnatxa-blanca/
Page_17_Wine_11,https://www.vinissimus.com/es/vino/el-molar/
Page_17_Wine_12,https://www.vinissimus.com/es/vino/castro-candaz-finca-el-curvado/
Page_17_Wine_13,https://www.vinissimus.com/es/vino/villa-de-corullon/
Page_17_Wine_14,https://www.vinissimus.com/es/vino/la-felisa/
Page_17_Wine_15,https://www.vinissimus.com/es/vino/ximenez-spinola-exceptional-harvest/
Page_17_Wine_16,https://www.vinissimus.com/es/vino/atalier-albarino/
Page_17_Wine_17,https://www.vinissimus.com/es/vino/valdespino-manzanilla-deliciosa-en-rama/
Page_17_Wine_18,https://www.vinissimus.com/es/vino/el-grifo-lias/
Page_17_Wine_19,https://www.vinissimus.com/es/vino/enrique-mendoza-pinot-noir/
Page_17_Wine_20,https://www.vinissimus.com/es/vino/fillaboa/
Page_17_Wine_21,https://www.vinissimus.com/es/vino/celeste-crianza/
Page_17_Wine_22,https://www.vinissimus.com/es/vino/casa-agricola-tinto/
Page_17_Wine_23,https://www.vinissimus.com/es/vino/lealtanza-reserva/
Page_17_Wine_24,https://www.vinissimus.com/es/vino/acusp/
Page_17_Wine_25,https://www.vinissimus.com/es/vino/clunia-malbec/
Page_17_Wine_26,https://www.vinissimus.com/es/vino/artadi-joven/
Page_17_Wine_27,https://www.vinissimus.com/es/cava/mont-ferrant-brut-reserva-ecologic/
Page_17_Wine_28,https://www.vinissimus.com/es/vino/azabache-crianza-selecion/
Page_17_Wine_29,https://www.vinissimus.com/es/vino/carpetano/
Page_17_Wine_30,https://www.vinissimus.com/es/vino/baigorri-reserva/
Page_17_Wine_31,https://www.vinissimus.com/es/vino/raimat-castell-chardonnay/
Page_17_Wine_32,https://www.vinissimus.com/es/vino/milsetentayseis/
Page_17_Wine_33,https://www.vinissimus.com/es/vino/cantocuerdas-albillo/
Page_17_Wine_34,https://www.vinissimus.com/es/vino/muriel-fincas-de-la-villa-reserva/
Page_17_Wine_35,https://www.vinissimus.com/es/vino/finca-dofi/
Page_17_Wine_36,https://www.vinissimus.com/es/vino/cresta-rosa/
Page_18_Wine_1,https://www.vinissimus.com/es/vino/taberner/
Page_18_Wine_2,https://www.vinissimus.com/es/vino/museum-reserva/
Page_18_Wine_3,https://www.vinissimus.com/es/vino/damana-5/
Page_18_Wine_4,https://www.vinissimus.com/es/vino/tajinaste-blanco-seco/
Page_18_Wine_5,https://www.vinissimus.com/es/vino/vina-esmeralda-blanco/
Page_18_Wine_6,https://www.vinissimus.com/es/vino/crater/
Page_18_Wine_7,https://www.vinissimus.com/es/vino/vulcano-malvasia-seco/
Page_18_Wine_8,https://www.vinissimus.com/es/vino/la-creu-alta/
Page_18_Wine_9,https://www.vinissimus.com/es/vino/pazo-de-villarei/
Page_18_Wine_10,https://www.vinissimus.com/es/vino/boada-reserva/
Page_18_Wine_11,https://www.vinissimus.com/es/vino/aa-dolc-mataro/
Page_18_Wine_12,https://www.vinissimus.com/es/vino/diaz-bayo-15-meses-crianza/
Page_18_Wine_13,https://www.vinissimus.com/es/vino/maior-de-mendoza-sobre-lias/
Page_18_Wine_14,https://www.vinissimus.com/es/vino/can-axartell-rosado/
Page_18_Wine_15,https://www.vinissimus.com/es/vino/viuda-negra-crianza/
Page_18_Wine_16,https://www.vinissimus.com/es/vino/lafou-els-amelers/
Page_18_Wine_17,https://www.vinissimus.com/es/vino/pingus/
Page_18_Wine_18,https://www.vinissimus.com/es/vino/planetes-de-nin/
Page_18_Wine_19,https://www.vinissimus.com/es/vino/taganan-tinto/
Page_18_Wine_20,https://www.vinissimus.com/es/vino/la-mateo-tempranillo-blanco-fb/
Page_18_Wine_21,https://www.vinissimus.com/es/vino/pita-verderrubi-verdejo-ecologico/
Page_18_Wine_22,https://www.vinissimus.com/es/vino/beronia-crianza/
Page_18_Wine_23,https://www.vinissimus.com/es/vino/bicicletas-y-peces-verdejo/
Page_18_Wine_24,https://www.vinissimus.com/es/vino/vina-pomal-blanco/
Page_18_Wine_25,https://www.vinissimus.com/es/vino/xiii-lunas/
Page_18_Wine_26,https://www.vinissimus.com/es/vino/ac-la-rodetta/
Page_18_Wine_27,https://www.vinissimus.com/es/vino/frisach-l-abrunet-blanc/
Page_18_Wine_28,https://www.vinissimus.com/es/vino/amfitrio-de-l-emporda/
Page_18_Wine_29,https://www.vinissimus.com/es/vino/abadal-picapoll/
Page_18_Wine_30,https://www.vinissimus.com/es/vino/gran-barquero-amontillado/
Page_18_Wine_31,https://www.vinissimus.com/es/vino/honoro-vera-monastrell-organic/
Page_18_Wine_32,https://www.vinissimus.com/es/vino/ama-de-gorka-izagirre/
Page_18_Wine_33,https://www.vinissimus.com/es/vino/laus-crianza/
Page_18_Wine_34,https://www.vinissimus.com/es/vino/mas-de-mancuso/
Page_18_Wine_35,https://www.vinissimus.com/es/vino/valdelana-crianza/
Page_18_Wine_36,https://www.vinissimus.com/es/vino/marques-de-riscal-limousin/
Page_19_Wine_1,https://www.vinissimus.com/es/vino/valdesil-godello-sobre-lias/
Page_19_Wine_2,https://www.vinissimus.com/es/vino/pissarres/
Page_19_Wine_3,https://www.vinissimus.com/es/vino/azpilicueta-reserva/
Page_19_Wine_4,https://www.vinissimus.com/es/vino/torre-barreda-tempranillo/
Page_19_Wine_5,https://www.vinissimus.com/es/vino/portia-roble/
Page_19_Wine_6,https://www.vinissimus.com/es/vino/las-iruelas/
Page_19_Wine_7,https://www.vinissimus.com/es/vino/la-garnatxa-fosca-del-priorat/
Page_19_Wine_8,https://www.vinissimus.com/es/vino/marge/
Page_19_Wine_9,https://www.vinissimus.com/es/vino/conde-valdemar-reserva/
Page_19_Wine_10,https://www.vinissimus.com/es/vino/condes-de-albarei/
Page_19_Wine_11,https://www.vinissimus.com/es/vino/pazo-baion/
Page_19_Wine_12,https://www.vinissimus.com/es/vino/fedellos-do-couto-lomba-dos-ares/
Page_19_Wine_13,https://www.vinissimus.com/es/vino/pirineos-gewurztraminer/
Page_19_Wine_14,https://www.vinissimus.com/es/vino/cirsion/
Page_19_Wine_15,https://www.vinissimus.com/es/vino/pago-de-santa-cruz/
Page_19_Wine_16,https://www.vinissimus.com/es/vino/ximenez-spinola-pedro-ximenez/
Page_19_Wine_17,https://www.vinissimus.com/es/vino/dehesa-del-carrizal-cabernet-sauvignon/
Page_19_Wine_18,https://www.vinissimus.com/es/vino/mas-d-en-compte-negre/
Page_19_Wine_19,https://www.vinissimus.com/es/vino/vi-ve-maceracion-carbonica/
Page_19_Wine_20,https://www.vinissimus.com/es/vino/artuke-tinto/
Page_19_Wine_21,https://www.vinissimus.com/es/vino/cesar-principe/
Page_19_Wine_22,https://www.vinissimus.com/es/vino/ullones/
Page_19_Wine_23,https://www.vinissimus.com/es/cava/gran-juve-camps/
Page_19_Wine_24,https://www.vinissimus.com/es/cava/parxet-brut-reserva/
Page_19_Wine_25,https://www.vinissimus.com/es/vino/tinto-figuero-12-meses/
Page_19_Wine_26,https://www.vinissimus.com/es/vino/poesia-crianza/
Page_19_Wine_27,https://www.vinissimus.com/es/vino/rebisaca/
Page_19_Wine_28,https://www.vinissimus.com/es/vino/familia-valdelana-blanco-semidulce/
Page_19_Wine_29,https://www.vinissimus.com/es/vino/maior-de-mendoza-fulget/
Page_19_Wine_30,https://www.vinissimus.com/es/vino/mas-tinell-eliane/
Page_19_Wine_31,https://www.vinissimus.com/es/vino/tal-com-raja-negre/
Page_19_Wine_32,https://www.vinissimus.com/es/vino/torre-de-golban-crianza/
Page_19_Wine_33,https://www.vinissimus.com/es/vino/reina-de-los-deseos/
Page_19_Wine_34,https://www.vinissimus.com/es/vino/mia-freixenet-blanco/
Page_19_Wine_35,https://www.vinissimus.com/es/vino/poesia-garnacha-blanca/
Page_19_Wine_36,https://www.vinissimus.com/es/cava/cava-bach-extrisimo-brut-nature/
Page_20_Wine_1,https://www.vinissimus.com/es/vino/finca-terrerazo/
Page_20_Wine_2,https://www.vinissimus.com/es/vino/honoro-vera-monastrell/
Page_20_Wine_3,https://www.vinissimus.com/es/vino/hombros/
Page_20_Wine_4,https://www.vinissimus.com/es/vino/gotim-bru/
Page_20_Wine_5,https://www.vinissimus.com/es/vino/lan-reserva/
Page_20_Wine_6,https://www.vinissimus.com/es/cava/codorniu-zero/
Page_20_Wine_7,https://www.vinissimus.com/es/vino/casas-de-moya-maria/
Page_20_Wine_8,https://www.vinissimus.com/es/vino/lealtanza-blanco/
Page_20_Wine_9,https://www.vinissimus.com/es/vino/venta-la-ossa-syrah/
Page_20_Wine_10,https://www.vinissimus.com/es/vino/pago-mota/
Page_20_Wine_11,https://www.vinissimus.com/es/cava/nadal-salvatge-gran-reserva-brut/
Page_20_Wine_12,https://www.vinissimus.com/es/vino/boig-per-tu/
Page_20_Wine_13,https://www.vinissimus.com/es/vino/mestizaje/
Page_20_Wine_14,https://www.vinissimus.com/es/vino/do-ferreiro-adina/
Page_20_Wine_15,https://www.vinissimus.com/es/vino/tarima-mediterraneo/
Page_20_Wine_16,https://www.vinissimus.com/es/vino/condado-de-oriza-reserva/
Page_20_Wine_17,https://www.vinissimus.com/es/vino/atteca/
Page_20_Wine_18,https://www.vinissimus.com/es/vino/castillo-de-monjardin-chardonnay-barrica-sel/
Page_20_Wine_19,https://www.vinissimus.com/es/vino/baynos/
Page_20_Wine_20,https://www.vinissimus.com/es/vino/gotas-de-mar/
Page_20_Wine_21,https://www.vinissimus.com/es/vino/ninin/
Page_20_Wine_22,https://www.vinissimus.com/es/cava/cava-faustino-semi-seco/
Page_20_Wine_23,https://www.vinissimus.com/es/vino/tobelos-crianza/
Page_20_Wine_24,https://www.vinissimus.com/es/vino/valenciso/
Page_20_Wine_25,https://www.vinissimus.com/es/vino/les-tosses/
Page_20_Wine_26,https://www.vinissimus.com/es/vino/rodrigo-mendez-muti/
Page_20_Wine_27,https://www.vinissimus.com/es/vino/parotet/
Page_20_Wine_28,https://www.vinissimus.com/es/vino/el-nen-de-can-maset/
Page_20_Wine_29,https://www.vinissimus.com/es/cava/vilarnau-brut-nature-reserva/
Page_20_Wine_30,https://www.vinissimus.com/es/vino/13-cantaros-nicolas/
Page_20_Wine_31,https://www.vinissimus.com/es/vino/emina-verdejo/
Page_20_Wine_32,https://www.vinissimus.com/es/vino/obsequi-de-l-emporda/
Page_20_Wine_33,https://www.vinissimus.com/es/vino/ramon-bilbao-gran-reserva/
Page_20_Wine_34,https://www.vinissimus.com/es/vino/lagunilla-viura/
Page_20_Wine_35,https://www.vinissimus.com/es/vino/tarima-monastrell/
Page_20_Wine_36,https://www.vinissimus.com/es/cava/rigol-brut/
Page_21_Wine_1,https://www.vinissimus.com/es/vino/a-dos-manos/
Page_21_Wine_2,https://www.vinissimus.com/es/vino/perelada-3-fincas-crianza/
Page_21_Wine_3,https://www.vinissimus.com/es/vino/valduero-6-anos-reserva-premium/
Page_21_Wine_4,https://www.vinissimus.com/es/vino/dehesa-de-los-canonigos-quinta-generacion/
Page_21_Wine_5,https://www.vinissimus.com/es/vino/bracamonte-crianza/
Page_21_Wine_6,https://www.vinissimus.com/es/vino/montecillo-gran-reserva/
Page_21_Wine_7,https://www.vinissimus.com/es/vino/el-telar/
Page_21_Wine_8,https://www.vinissimus.com/es/vino/pazo-das-bruxas/
Page_21_Wine_9,https://www.vinissimus.com/es/vino/coca-i-fito-blanc/
Page_21_Wine_10,https://www.vinissimus.com/es/vino/cesar-florido-moscatel-especial/
Page_21_Wine_11,https://www.vinissimus.com/es/vino/mas-alta-els-pics-blanc/
Page_21_Wine_12,https://www.vinissimus.com/es/vino/nona/
Page_21_Wine_13,https://www.vinissimus.com/es/vino/edulis-crianza/
Page_21_Wine_14,https://www.vinissimus.com/es/vino/vina-sastre-roble/
Page_21_Wine_15,https://www.vinissimus.com/es/cava/torello-brut-nature-gran-reserva/
Page_21_Wine_16,https://www.vinissimus.com/es/cava/mestres-imperial-gran-reserva/
Page_21_Wine_17,https://www.vinissimus.com/es/vino/summa-varietalis/
Page_21_Wine_18,https://www.vinissimus.com/es/vino/luna-beberide-art/
Page_21_Wine_19,https://www.vinissimus.com/es/vino/dahlia-gris/
Page_21_Wine_20,https://www.vinissimus.com/es/vino/marques-de-carrion-reserva/
Page_21_Wine_21,https://www.vinissimus.com/es/vino/manzanilla-en-rama-la-gitana/
Page_21_Wine_22,https://www.vinissimus.com/es/vino/luzon-coleccion-blanco/
Page_21_Wine_23,https://www.vinissimus.com/es/vino/iturria/
Page_21_Wine_24,https://www.vinissimus.com/es/vino/borsao-crianza/
Page_21_Wine_25,https://www.vinissimus.com/es/vino/senorio-de-cuzcurrita/
Page_21_Wine_26,https://www.vinissimus.com/es/vino/marques-de-caceres-reserva/
Page_21_Wine_27,https://www.vinissimus.com/es/vino/enate-merlot-merlot/
Page_21_Wine_28,https://www.vinissimus.com/es/cava/codorniu-ars-collecta-blanc-de-blancs/
Page_21_Wine_29,https://www.vinissimus.com/es/cava/freixenet-reserva-brut-nature/
Page_21_Wine_30,https://www.vinissimus.com/es/vino/el-veinat-garnacha/
Page_21_Wine_31,https://www.vinissimus.com/es/cava/extremarium-reserva-brut-nature/
Page_21_Wine_32,https://www.vinissimus.com/es/vino/brunus/
Page_21_Wine_33,https://www.vinissimus.com/es/vino/baigorri-b70/
Page_21_Wine_34,https://www.vinissimus.com/es/vino/palacio-quemado-crianza/
Page_21_Wine_35,https://www.vinissimus.com/es/vino/coto-de-imaz-gran-reserva/
Page_21_Wine_36,https://www.vinissimus.com/es/vino/marques-de-caceres-rosado/
Page_22_Wine_1,https://www.vinissimus.com/es/vino/yllera-verdejo-vendimia-nocturna/
Page_22_Wine_2,https://www.vinissimus.com/es/vino/nekeas-cepa-por-cepa-garnacha/
Page_22_Wine_3,https://www.vinissimus.com/es/vino/augustus-chardonnay/
Page_22_Wine_4,https://www.vinissimus.com/es/vino/gemina-finca-el-volcan/
Page_22_Wine_5,https://www.vinissimus.com/es/vino/valdespino-fino-ynocente/
Page_22_Wine_6,https://www.vinissimus.com/es/vino/itsasmendi/
Page_22_Wine_7,https://www.vinissimus.com/es/cava/raimat-brut-nature-chardonnay-pinot-noir/
Page_22_Wine_8,https://www.vinissimus.com/es/vino/casa-castillo-pie-franco/
Page_22_Wine_9,https://www.vinissimus.com/es/vino/heras-cordon-vendimia-seleccionada/
Page_22_Wine_10,https://www.vinissimus.com/es/cava/adernats-reserva-brut/
Page_22_Wine_11,https://www.vinissimus.com/es/vino/shaya-verdejo/
Page_22_Wine_12,https://www.vinissimus.com/es/vino/vina-costeira/
Page_22_Wine_13,https://www.vinissimus.com/es/vino/terra-de-godos/
Page_22_Wine_14,https://www.vinissimus.com/es/vino/les-sorts-vinyes-velles/
Page_22_Wine_15,https://www.vinissimus.com/es/vino/txomin-etxaniz-rose/
Page_22_Wine_16,https://www.vinissimus.com/es/vino/clos-montblanc-chardonnay-unic/
Page_22_Wine_17,https://www.vinissimus.com/es/vino/gargalo-godello/
Page_22_Wine_18,https://www.vinissimus.com/es/vino/ses-nines-negre-seleccio-07-9/
Page_22_Wine_19,https://www.vinissimus.com/es/vino/20-aldeas/
Page_22_Wine_20,https://www.vinissimus.com/es/vino/corazon-loco-blanco/
Page_22_Wine_21,https://www.vinissimus.com/es/vino/principia-mathematica/
Page_22_Wine_22,https://www.vinissimus.com/es/vino/can-axartell-blanco/
Page_22_Wine_23,https://www.vinissimus.com/es/cava/oriol-rossell-brut-nature-gran-reserva/
Page_22_Wine_24,https://www.vinissimus.com/es/vino/abadal-3-9/
Page_22_Wine_25,https://www.vinissimus.com/es/vino/biga-crianza/
Page_22_Wine_26,https://www.vinissimus.com/es/cava/llopart-nectar-terrenal/
Page_22_Wine_27,https://www.vinissimus.com/es/vino/compta-gotes/
Page_22_Wine_28,https://www.vinissimus.com/es/vino/colegiata-blanco/
Page_22_Wine_29,https://www.vinissimus.com/es/vino/manuel-cantalapiedra-arenisca/
Page_22_Wine_30,https://www.vinissimus.com/es/vino/ariyanas-david-tinto-dulce/
Page_22_Wine_31,https://www.vinissimus.com/es/vino/finca-d-olivardots-groc-d-amfora/
Page_22_Wine_32,https://www.vinissimus.com/es/vino/familia-valdelana-rosado/
Page_22_Wine_33,https://www.vinissimus.com/es/vino/savina/
Page_22_Wine_34,https://www.vinissimus.com/es/vino/martinez-lacuesta-crianza/
Page_22_Wine_35,https://www.vinissimus.com/es/vino/vina-zorzal-graciano/
Page_22_Wine_36,https://www.vinissimus.com/es/vino/blanco/
Page_23_Wine_1,https://www.vinissimus.com/es/vino/jardin-rojo/
Page_23_Wine_2,https://www.vinissimus.com/es/cava/loxarel-brut-nature-reserva-vintage/
Page_23_Wine_3,https://www.vinissimus.com/es/vino/3404-tuca-daneto-crianza/
Page_23_Wine_4,https://www.vinissimus.com/es/vino/terra-remota-camino/
Page_23_Wine_5,https://www.vinissimus.com/es/cava/eudald-brut-nature/
Page_23_Wine_6,https://www.vinissimus.com/es/vino/enate-cabernet-sauvignon-merlot/
Page_23_Wine_7,https://www.vinissimus.com/es/vino/gonzalez-byass-nectar-pedro-ximenez/
Page_23_Wine_8,https://www.vinissimus.com/es/vino/pradorey-blanco/
Page_23_Wine_9,https://www.vinissimus.com/es/vino/viatge-al-priorat/
Page_23_Wine_10,https://www.vinissimus.com/es/vino/ermita-d-espiells/
Page_23_Wine_11,https://www.vinissimus.com/es/vino/bicicletas-y-peces-sauvignon-blanc/
Page_23_Wine_12,https://www.vinissimus.com/es/cava/roger-goulart-brut-reserva/
Page_23_Wine_13,https://www.vinissimus.com/es/vino/cerro-anon-gran-reserva/
Page_23_Wine_14,https://www.vinissimus.com/es/vino/malaga-virgen-moscatel-reserva-de-familia-50cl/
Page_23_Wine_15,https://www.vinissimus.com/es/cava/recaredo-turo-d-en-mota/
Page_23_Wine_16,https://www.vinissimus.com/es/cava/aa-mirgin-opus-paratge-qualificat-vallcirera/
Page_23_Wine_17,https://www.vinissimus.com/es/vino/lagar-d-amprius-garnacha/
Page_23_Wine_18,https://www.vinissimus.com/es/vino/llagrimes-de-tardor-negre/
Page_23_Wine_19,https://www.vinissimus.com/es/vino/nebla-verdejo/
Page_23_Wine_20,https://www.vinissimus.com/es/vino/alacer-crianza/
Page_23_Wine_21,https://www.vinissimus.com/es/vino/tomas-postigo-verdejo-f-b/
Page_23_Wine_22,https://www.vinissimus.com/es/vino/finca-olivardots-vermell/
Page_23_Wine_23,https://www.vinissimus.com/es/vino/palarea/
Page_23_Wine_24,https://www.vinissimus.com/es/vino/cuqueira-blanco/
Page_23_Wine_25,https://www.vinissimus.com/es/vino/casar-godello-fermentado-en-barrica/
Page_23_Wine_26,https://www.vinissimus.com/es/vino/casa-castillo-cuvee-n/
Page_23_Wine_27,https://www.vinissimus.com/es/vino/montecillo-blanco/
Page_23_Wine_28,https://www.vinissimus.com/es/cava/juve-camps-cinta-purpura-brut/
Page_23_Wine_29,https://www.vinissimus.com/es/cava/pere-ventura-tresor-aniversary-gran-reserva/
Page_23_Wine_30,https://www.vinissimus.com/es/cava/juve-camps-essential/
Page_23_Wine_31,https://www.vinissimus.com/es/vino/marques-de-la-concordia-rioja-santiago-2o-ano/
Page_23_Wine_32,https://www.vinissimus.com/es/vino/alma-bohemia-de-altanza/
Page_23_Wine_33,https://www.vinissimus.com/es/vino/jean-leon-chardonnay/
Page_23_Wine_34,https://www.vinissimus.com/es/vino/vega-de-la-reina-verdejo/
Page_23_Wine_35,https://www.vinissimus.com/es/vino/principe-de-viana-crianza/
Page_23_Wine_36,https://www.vinissimus.com/es/cava/codorniu-clasico-semi-sec/
Page_24_Wine_1,https://www.vinissimus.com/es/vino/pasion-bobal/
Page_24_Wine_2,https://www.vinissimus.com/es/cava/aa-bruant-natural/
Page_24_Wine_3,https://www.vinissimus.com/es/vino/terrible-roble/
Page_24_Wine_4,https://www.vinissimus.com/es/vino/torremayor/
Page_24_Wine_5,https://www.vinissimus.com/es/vino/les-brugueres/
Page_24_Wine_6,https://www.vinissimus.com/es/vino/gran-colegiata-crianza/
Page_24_Wine_7,https://www.vinissimus.com/es/vino/naluar/
Page_24_Wine_8,https://www.vinissimus.com/es/vino/payoya-negra/
Page_24_Wine_9,https://www.vinissimus.com/es/cava/nadal-salvatge-rosat/
Page_24_Wine_10,https://www.vinissimus.com/es/vino/vega-sicilia-unico-reserva-especial-edicion/
Page_24_Wine_11,https://www.vinissimus.com/es/vino/corral-de-campanas/
Page_24_Wine_12,https://www.vinissimus.com/es/cava/mas-tinell-nature-real-gran-reserva/
Page_24_Wine_13,https://www.vinissimus.com/es/vino/pesquera-mxi/
Page_24_Wine_14,https://www.vinissimus.com/es/vino/dehesa-gago/
Page_24_Wine_15,https://www.vinissimus.com/es/vino/vespres/
Page_24_Wine_16,https://www.vinissimus.com/es/vino/abadia-retuerta-pago-negralada/
Page_24_Wine_17,https://www.vinissimus.com/es/cava/at-roca-brut-nature-reserva/
Page_24_Wine_18,https://www.vinissimus.com/es/vino/marques-de-grinon-cabernet-sauvignon/
Page_24_Wine_19,https://www.vinissimus.com/es/cava/llopart-original-cava-de-paraje/
Page_24_Wine_20,https://www.vinissimus.com/es/vino/els-vinyerons-lluerna-blanc/
Page_24_Wine_21,https://www.vinissimus.com/es/vino/vina-salceda-rueda-verdejo/
Page_24_Wine_22,https://www.vinissimus.com/es/vino/el-senat-del-montsant/
Page_24_Wine_23,https://www.vinissimus.com/es/vino/tres-olmos-verdejo-lias/
Page_24_Wine_24,https://www.vinissimus.com/es/vino/cosmic-desti-muscat/
Page_24_Wine_25,https://www.vinissimus.com/es/cava/dg-viticultors-brut-rose/
Page_24_Wine_26,https://www.vinissimus.com/es/vino/gregal-d-espiells/
Page_24_Wine_27,https://www.vinissimus.com/es/vino/quinta-milu-la-cometa/
Page_24_Wine_28,https://www.vinissimus.com/es/vino/carmelo-rodero-valtarrena/
Page_24_Wine_29,https://www.vinissimus.com/es/vino/casas-de-moya-sofia-dulce/
Page_24_Wine_30,https://www.vinissimus.com/es/vino/ramon-bilbao-rosado/
Page_24_Wine_31,https://www.vinissimus.com/es/vino/cepa-gavilan/
Page_24_Wine_32,https://www.vinissimus.com/es/cava/maria-casanovas-rosat/
Page_24_Wine_33,https://www.vinissimus.com/es/vino/les-aubaguetes/
Page_24_Wine_34,https://www.vinissimus.com/es/vino/el-gos/
Page_24_Wine_35,https://www.vinissimus.com/es/vino/pazo-san-mauro/
Page_24_Wine_36,https://www.vinissimus.com/es/vino/mas-la-mola-vi-d-altura/
Page_25_Wine_1,https://www.vinissimus.com/es/vino/las-pizarras-volcan/
Page_25_Wine_2,https://www.vinissimus.com/es/vino/marko-seleccion-especial/
Page_25_Wine_3,https://www.vinissimus.com/es/vino/borsao-bole/
Page_25_Wine_4,https://www.vinissimus.com/es/vino/valdespino-vina-macharnudo-alto/
Page_25_Wine_5,https://www.vinissimus.com/es/vino/casa-vella-d-espiells/
Page_25_Wine_6,https://www.vinissimus.com/es/vino/petit-hipperia/
Page_25_Wine_7,https://www.vinissimus.com/es/vino/remordimiento/
Page_25_Wine_8,https://www.vinissimus.com/es/vino/la-casa-de-la-seda/
Page_25_Wine_9,https://www.vinissimus.com/es/vino/legaris-crianza/
Page_25_Wine_10,https://www.vinissimus.com/es/cava/sumarroca-brut-nature-gran-reserva/
Page_25_Wine_11,https://www.vinissimus.com/es/vino/ikigall/
Page_25_Wine_12,https://www.vinissimus.com/es/cava/celler-vell-brut-nature-reserva/
Page_25_Wine_13,https://www.vinissimus.com/es/vino/l-avi-arrufi-blanc-fermentat-en-barrica/
Page_25_Wine_14,https://www.vinissimus.com/es/vino/pasion-bobal-rosado/
Page_25_Wine_15,https://www.vinissimus.com/es/vino/flor-de-vetus-verdejo/
Page_25_Wine_16,https://www.vinissimus.com/es/vino/freye-xarel-lo-chardonnay/
Page_25_Wine_17,https://www.vinissimus.com/es/vino/les-cousins-l-antagonique/
Page_25_Wine_18,https://www.vinissimus.com/es/vino/termanthia/
Page_25_Wine_19,https://www.vinissimus.com/es/vino/frontonio-microcosmico-garnacha/
Page_25_Wine_20,https://www.vinissimus.com/es/vino/lirondo/
Page_25_Wine_21,https://www.vinissimus.com/es/vino/borsao-berola/
Page_25_Wine_22,https://www.vinissimus.com/es/vino/suertes-del-marques-7-fuentes/
Page_25_Wine_23,https://www.vinissimus.com/es/vino/las-pizarras-fabla/
Page_25_Wine_24,https://www.vinissimus.com/es/vino/larchago-crianza/
Page_25_Wine_25,https://www.vinissimus.com/es/vino/txakoli-aizpurua/
Page_25_Wine_26,https://www.vinissimus.com/es/vino/el-perro-flaco-verdejo/
Page_25_Wine_27,https://www.vinissimus.com/es/vino/abadia-retuerta-pago-la-garduna/
Page_25_Wine_28,https://www.vinissimus.com/es/vino/olivares-alto-de-la-hoya/
Page_25_Wine_29,https://www.vinissimus.com/es/vino/manzanilla-fina-la-cigarrera/
Page_25_Wine_30,https://www.vinissimus.com/es/vino/regina-viarum/
Page_25_Wine_31,https://www.vinissimus.com/es/vino/clos-figueres/
Page_25_Wine_32,https://www.vinissimus.com/es/vino/capricho-val-de-paxarinas/
Page_25_Wine_33,https://www.vinissimus.com/es/vino/campo-viejo-crianza/
Page_25_Wine_34,https://www.vinissimus.com/es/vino/poesia-garnacha-tinta/
Page_25_Wine_35,https://www.vinissimus.com/es/vino/monasterio-de-las-vinas-crianza/
Page_25_Wine_36,https://www.vinissimus.com/es/vino/faustino-v-rosado/
Page_26_Wine_1,https://www.vinissimus.com/es/vino/ruxe-ruxe/
Page_26_Wine_2,https://www.vinissimus.com/es/vino/vulcano-malvasia-semidulce/
Page_26_Wine_3,https://www.vinissimus.com/es/vino/fai-un-sol-de-carallo/
Page_26_Wine_4,https://www.vinissimus.com/es/vino/arrayan-rosado/
Page_26_Wine_5,https://www.vinissimus.com/es/vino/las-gravas/
Page_26_Wine_6,https://www.vinissimus.com/es/vino/finca-montepedroso/
Page_26_Wine_7,https://www.vinissimus.com/es/vino/pedralonga-albarino/
Page_26_Wine_8,https://www.vinissimus.com/es/vino/petit-pittacum/
Page_26_Wine_9,https://www.vinissimus.com/es/vino/raimat-moli-cabernet-sauvignon/
Page_26_Wine_10,https://www.vinissimus.com/es/vino/les-crestes/
Page_26_Wine_11,https://www.vinissimus.com/es/vino/acediano/
Page_26_Wine_12,https://www.vinissimus.com/es/vino/santes-negre/
Page_26_Wine_13,https://www.vinissimus.com/es/cava/nadal-salvatge-brut-nature/
Page_26_Wine_14,https://www.vinissimus.com/es/vino/soma/
Page_26_Wine_15,https://www.vinissimus.com/es/vino/bobos-finca-casa-la-borracha/
Page_26_Wine_16,https://www.vinissimus.com/es/vino/baigorri-blanco-fermentado-en-barrica/
Page_26_Wine_17,https://www.vinissimus.com/es/vino/prados-fusion-garnacha-syrah/
Page_26_Wine_18,https://www.vinissimus.com/es/vino/valtosca/
Page_26_Wine_19,https://www.vinissimus.com/es/vino/larchago-rosado/
Page_26_Wine_20,https://www.vinissimus.com/es/vino/hermanos-lurton-tempranillo/
Page_26_Wine_21,https://www.vinissimus.com/es/vino/botani-moscatel-old-vines/
Page_26_Wine_22,https://www.vinissimus.com/es/vino/j-antonio-ponce-la-xara/
Page_26_Wine_23,https://www.vinissimus.com/es/vino/legaris-reserva/
Page_26_Wine_24,https://www.vinissimus.com/es/vino/fraga-do-corvo-blanco/
Page_26_Wine_25,https://www.vinissimus.com/es/vino/cobijado/
Page_26_Wine_26,https://www.vinissimus.com/es/vino/artuke-finca-los-locos/
Page_26_Wine_27,https://www.vinissimus.com/es/vino/castro-candaz/
Page_26_Wine_28,https://www.vinissimus.com/es/vino/perelada-finca-espolla/
Page_26_Wine_29,https://www.vinissimus.com/es/vino/teofilo-reyes-tamiz-roble/
Page_26_Wine_30,https://www.vinissimus.com/es/vino/doix-murmuri/
Page_26_Wine_31,https://www.vinissimus.com/es/vino/alvear-px-de-anada/
Page_26_Wine_32,https://www.vinissimus.com/es/cava/pere-ventura-tresor-white-on-the-rocks/
Page_26_Wine_33,https://www.vinissimus.com/es/vino/pinord-reynal-blanc/
Page_26_Wine_34,https://www.vinissimus.com/es/vino/raventos-d-alella-pansa-blanca/
Page_26_Wine_35,https://www.vinissimus.com/es/vino/flores-de-callejo/
Page_26_Wine_36,https://www.vinissimus.com/es/vino/fino-los-amigos/
